Phylum,class,Order,Family,Genus,ScientificName ,Common Name ,Congres Run,TC EF,Carthage,Salway,Sharon Park near entrance,Mt. Airy,Sharon Park Grove,Cooper x Bechtold,Cooper x school,French Park,Dry Run,Clough Cr.,Sycamore Cr.,O'Brannon Cr.,East Fork LMR,Bass Island,Jordan Cr.,Dunlap Cr.,WWR near OH/IN line,Lee Cr. - Dry Fork,Sand Run,WWR near suspension br.,WWR Dry Fork,Blank1,Blank2,Blank3
Chordata,Actinopterygii,Siluriformes,Auchenipteridae,Ageneiosus,Ageneiosus inermis,,-,-,-,-,-,-,-,-,-,-,-,-,-,-,-,2,-,-,-,1,-,-,-,-,-,-
Chordata,Actinopterygii,Centrarchiformes,Centrarchidae,Ambloplites,Ambloplites rupestris,,-,-,-,-,-,-,-,-,-,-,-,-,-,2119,44,-,-,-,849,597,-,827,578,-,-,-
Chordata,Actinopterygii,Siluriformes,Ictaluridae,Ameiurus,Ameiurus catus,,-,-,2,-,-,-,-,-,-,-,-,-,-,-,-,-,-,-,-,-,-,-,-,-,-,-
Chordata,Actinopterygii,Siluriformes,Ictaluridae,Ameiurus,Ameiurus melas,,11,-,2,-,-,-,-,-,-,-,-,-,-,1,-,-,-,-,-,-,-,-,-,-,-,-
Chordata,Actinopterygii,Siluriformes,Ictaluridae,Ameiurus,Ameiurus natalis,,-,18,139,-,3,-,28,-,-,-,-,-,-,390,-,-,-,-,-,-,-,-,319,-,-,-
Chordata,Actinopterygii,Siluriformes,Ictaluridae,Ameiurus,Ameiurus nebulosus,,2,-,-,-,-,-,-,-,-,-,-,-,-,-,-,-,-,-,-,-,-,-,-,-,-,-
Chordata,Actinopterygii,Perciformes,Anarhichadidae,Anarhichas,Anarhichas denticulatus,,-,-,-,-,-,-,-,-,-,-,-,-,-,-,-,-,-,-,-,-,-,-,-,2,-,-
Chordata,Actinopterygii,Perciformes,Anarhichadidae,Anarhichas,Anarhichas minor,,-,-,-,-,-,-,-,-,-,-,-,-,-,-,-,-,-,-,1,-,-,2,-,-,-,-
Chordata,Teleostei,Siluriformes,Loricariidae,Aphanotorulus,Aphanotorulus emarginatus,,-,-,-,-,-,-,-,-,-,-,-,-,-,-,-,-,1,-,2,-,-,-,-,-,-,-
Chordata,Teleostei,Perciformes,Sciaenidae,Aplodinotus,Aplodinotus grunniens,,-,-,94,353,-,-,-,-,-,-,-,1,-,-,69,493,-,1,375,-,-,1967,-,-,-,-
Chordata,Actinopterygii,Cypriniformes,Cyprinidae,Campostoma,Campostoma anomalum,,1291,1841,53,74,18,-,-,1702,1966,-,752,7951,8460,10584,919,1003,59,1,714,6308,3163,759,4404,-,-,-
Chordata,Actinopterygii,Cypriniformes,Cyprinidae,Campostoma,Campostoma ornatum,,-,-,-,-,-,-,-,1,-,-,-,-,-,-,-,-,-,-,-,-,-,-,-,-,-,-
Chordata,Actinopterygii,Cypriniformes,Cyprinidae,Carassius,Carassius auratus,,-,568,208,1490,1,-,77,-,14,-,269,-,1,17,13,9,-,-,28,-,-,30,82,-,-,-
Chordata,Actinopterygii,Cypriniformes,Cyprinidae,Carassius,Carassius carassius,,-,1,-,3,-,-,-,-,-,-,-,-,-,-,-,-,-,-,-,-,-,-,-,-,-,-
Chordata,Actinopterygii,Cypriniformes,Cyprinidae,Carassius,Carassius cuvieri,,-,4,3,15,-,-,1,-,-,-,2,-,-,-,-,-,-,-,-,-,-,-,-,-,-,-
Chordata,Actinopterygii,Cypriniformes,Cyprinidae,Carassius,Carassius gibelio,,-,-,-,1,-,-,-,-,-,-,-,-,-,-,-,-,-,-,-,-,-,-,-,-,-,-
Chordata,Actinopterygii,Cypriniformes,Cyprinidae,Carassius,Carassius sp,,-,1,-,7,-,-,-,-,-,-,1,-,-,-,-,-,-,-,-,-,-,-,-,-,-,-
Chordata,Actinopterygii,Cypriniformes,Catostomidae,Carpiodes,Carpiodes carpio,,-,61,80,3893,-,-,-,-,-,-,642,-,1,1,630,186,-,4,7338,1240,2,6748,34,-,-,-
Chordata,Actinopterygii,Cypriniformes,Catostomidae,Catostomus,Catostomus catostomus,,4,22,15,3,-,-,-,-,-,-,-,-,-,-,-,1,-,-,-,8,23,-,6,-,-,-
Chordata,Actinopterygii,Cypriniformes,Catostomidae,Catostomus,Catostomus commersoni,,-,1,1,-,-,-,-,-,-,-,-,-,-,-,-,-,-,-,-,-,-,-,-,-,-,-
Chordata,Actinopterygii,Cypriniformes,Catostomidae,Catostomus,Catostomus commersonii,,145,2416,645,255,-,-,-,-,-,-,-,-,-,1,-,-,4,-,9,442,942,10,685,-,-,-
Chordata,Actinopterygii,Cypriniformes,Catostomidae,Catostomus,Catostomus macrocheilus,,-,1,-,-,-,-,-,-,-,-,-,-,-,-,-,-,-,-,-,-,1,-,-,-,-,-
Chordata,Actinopterygii,Perciformes,Channichthyidae,Chionodraco,Chionodraco rastrospinosus,,-,1,-,-,-,-,-,-,-,-,-,-,-,-,-,-,-,-,-,-,-,1,-,-,-,-
Chordata,Actinopterygii,Cypriniformes,Cyprinidae,Chrosomus,Chrosomus erythrogaster,,-,-,-,-,-,-,-,-,-,-,-,-,-,-,-,-,-,-,-,-,813,-,-,-,-,-
Chordata,Actinopterygii,Siluriformes,Callichthyidae,Corydoras,Corydoras nattereri,,-,-,-,-,-,-,-,-,-,-,-,-,-,-,-,-,3,-,-,1,-,-,1,-,-,-
Chordata,Actinopterygii,Caproiformes,Coryphaenidae,Coryphaena,Coryphaena hippurus,,-,-,-,-,-,-,-,-,-,-,-,-,-,-,-,-,-,-,-,2,-,-,-,1,-,-
Chordata,Actinopterygii,Cypriniformes,Catostomidae,Cycleptus,Cycleptus elongatus,,-,2,-,1,-,-,-,-,-,-,-,-,-,1,1,-,-,-,7,3,-,17,-,-,-,-
Chordata,Actinopterygii,Cypriniformes,Cyprinidae,Cyprinella,Cyprinella leedsi,,-,-,-,-,-,-,-,-,-,-,-,-,-,1,-,-,-,-,-,-,-,1,-,-,-,-
Chordata,Actinopterygii,Cypriniformes,Cyprinidae,Cyprinella,Cyprinella spiloptera,,-,2392,290,195,-,-,-,-,-,-,1,9,-,1,59,-,-,2,4764,2532,5,3549,344,-,-,-
Chordata,Actinopterygii,Cypriniformes,Cyprinidae,Cyprinus,Cyprinus acutidorsalis,,-,240,91,700,-,-,40,-,2,-,132,-,-,55,5,3,-,-,17,-,-,13,36,-,-,-
Chordata,Actinopterygii,Cypriniformes,Cyprinidae,Cyprinus,Cyprinus carpio,,-,1419,621,3509,1,-,308,-,39,1,755,-,6,57,35,18,1,-,117,-,-,94,289,-,-,-
Chordata,Actinopterygii,Cypriniformes,Cyprinidae,Cyprinus,Cyprinus megalophthalmus,,-,1,-,4,-,-,-,-,-,-,-,-,-,-,-,-,-,-,-,-,-,-,1,-,-,-
Chordata,Actinopterygii,Cypriniformes,Cyprinidae,Cyprinus,Cyprinus multitaeniata,,-,1,-,8,-,-,-,-,-,-,1,-,-,-,-,-,-,-,-,-,-,-,-,-,-,-
Chordata,Actinopterygii,Cypriniformes,Cyprinidae,Cyprinus,Cyprinus sp,,-,6,6,41,-,-,3,-,1,-,6,-,1,-,-,-,-,-,-,-,-,-,2,-,-,-
Chordata,Actinopterygii,Clupeiformes,Clupeidae,Dorosoma,Dorosoma cepedianum,,-,190,1156,2695,18,52,2905,-,-,-,-,-,-,607,415,442,-,2,7124,244,-,4322,257,-,-,1596
Chordata,Actinopterygii,Cypriniformes,Cyprinidae,Erimystax,Erimystax x-punctatus,,-,-,-,-,-,-,-,-,-,-,-,-,-,-,-,23,-,-,1052,-,-,509,-,-,-,-
Chordata,Actinopterygii,Perciformes,Percidae,Etheostoma,Etheostoma asprigene,,-,-,1,-,-,-,-,-,-,-,-,-,-,2,-,-,-,-,-,1,-,-,1,-,-,-
Chordata,Actinopterygii,Perciformes,Percidae,Etheostoma,Etheostoma blennioides,,-,2,-,-,-,-,-,-,-,-,-,-,-,4,-,-,-,-,-,-,-,-,1,-,-,-
Chordata,Actinopterygii,Perciformes,Percidae,Etheostoma,Etheostoma burri,,-,-,-,-,-,-,-,-,-,-,-,-,-,3,-,-,-,-,-,-,-,-,1,-,-,-
Chordata,Actinopterygii,Perciformes,Percidae,Etheostoma,Etheostoma caeruleum,,-,-,110,-,-,-,-,-,-,-,-,7047,-,6841,362,114,-,1,-,3083,1,821,3373,-,-,-
Chordata,Actinopterygii,Perciformes,Percidae,Etheostoma,Etheostoma flabellare,,-,155,326,-,133,-,-,-,313,-,396,8483,5972,1910,1189,-,123,-,-,8,28,-,18,-,-,-
Chordata,Actinopterygii,Perciformes,Percidae,Etheostoma,Etheostoma nigrum,,49,1089,449,-,-,-,-,-,-,-,-,1,-,4042,196,-,-,-,782,674,1004,-,1566,-,-,-
Chordata,Actinopterygii,Perciformes,Percidae,Etheostoma,Etheostoma olmstedi,,-,7,4,-,-,-,-,-,-,-,-,-,-,1,-,-,-,-,-,6,39,-,17,-,-,-
Chordata,Actinopterygii,Perciformes,Percidae,Etheostoma,Etheostoma spectabile,,17,1437,82,-,-,-,-,-,-,-,-,9,-,-,-,-,26,-,-,924,1334,395,136,-,-,-
Chordata,Actinopterygii,Perciformes,Percidae,Etheostoma,Etheostoma variatum,,-,-,-,-,-,-,-,-,-,-,-,-,-,-,-,-,-,-,257,-,-,-,-,-,-,-
Chordata,Actinopterygii,Perciformes,Percidae,Etheostoma,Etheostoma vitreum,,-,2,-,-,-,-,-,-,-,-,-,-,-,1,-,-,-,-,-,-,1,-,1,-,-,-
Chordata,Actinopterygii,Perciformes,Percidae,Etheostoma,Etheostoma zonale,,-,-,-,-,-,-,-,-,-,-,-,-,-,-,147,-,-,1,300,61,-,346,-,-,-,-
Chordata,Actinopterygii,Cypriniformes,Cyprinidae,Exoglossum,Exoglossum laurae,,-,-,-,-,-,-,-,-,-,-,-,-,-,-,-,-,-,-,1,-,-,2,-,-,-,-
Chordata,Actinopterygii,Cyprinodontiformes,Poeciliidae,Gambusia,Gambusia affinis,,41,200,79,170,9,23,339,1284,-,-,49,-,897,-,45,-,-,-,-,361,277,166,-,2402,-,-
Chordata,Actinopterygii,Cyprinodontiformes,Poeciliidae,Gambusia,Gambusia holbrooki,,2,1,4,4,-,-,7,40,-,-,1,-,14,-,2,-,-,-,-,6,10,5,-,75,-,-
Chordata,Actinopterygii,Siluriformes,Loricariidae,Hemipsilichthys,Hemipsilichthys nimius,,-,-,-,-,-,-,-,-,-,-,-,-,-,-,-,-,-,-,-,-,-,2,-,-,-,-
Chordata,Actinopterygii,Cypriniformes,Cyprinidae,Hybognathus,Hybognathus nuchalis,,-,-,-,-,-,-,-,-,-,-,-,-,-,2,-,-,-,-,-,-,-,1,1,-,-,-
Chordata,Actinopterygii,Cypriniformes,Cyprinidae,Hybopsis,Hybopsis amblops,,-,-,-,-,-,-,-,-,-,-,-,-,-,2,-,-,-,-,4,-,-,4,1,-,-,-
Chordata,Actinopterygii,Cypriniformes,Cyprinidae,Hybopsis,Hybopsis dorsalis,,-,1,-,-,-,-,-,-,-,-,-,1,-,2,-,1,-,-,-,1,-,1,6,-,-,-
Chordata,Actinopterygii,Cypriniformes,Cyprinidae,Hybopsis,Hybopsis lineapunctata,,-,-,-,-,-,-,-,-,-,-,-,-,-,-,-,-,-,-,3,-,-,3,-,-,-,-
Chordata,Actinopterygii,Cypriniformes,Cyprinidae,Hybopsis,Hybopsis rubrifrons,,-,2,2,2,-,-,-,-,-,1,-,2,-,27,-,1,-,-,42,25,2,110,29,-,-,-
Chordata,Actinopterygii,Cypriniformes,Cyprinidae,Hybopsis,Hybopsis winchelli,,-,62,1,190,-,-,-,-,-,-,-,1,-,164,-,1,-,2,613,310,-,625,127,-,-,-
Chordata,Actinopterygii,Cypriniformes,Catostomidae,Hypentelium,Hypentelium nigricans,,-,1542,565,721,-,-,-,-,-,-,-,-,-,2541,250,2,-,3,2034,2861,2,3202,1167,-,-,-
Chordata,Actinopterygii,Siluriformes,Loricariidae,Hypostomus,Hypostomus aff,,-,-,-,-,-,-,-,-,-,-,-,-,-,-,-,-,-,-,-,-,-,1,-,-,-,-
Chordata,Actinopterygii,Siluriformes,Ictaluridae,Ictalurus,Ictalurus furcatus,,-,3,51,116,-,1,-,-,7,-,-,-,-,12,2,11,-,-,158,-,-,97,-,-,-,-
Chordata,Actinopterygii,Siluriformes,Ictaluridae,Ictalurus,Ictalurus pricei,,-,1,44,9,-,2,-,-,1,-,-,-,-,5,-,-,-,-,14,-,-,21,-,-,-,-
Chordata,Actinopterygii,Siluriformes,Ictaluridae,Ictalurus,Ictalurus punctatus,,-,83,585,1819,-,40,-,-,97,-,-,-,-,352,71,183,6,1,1682,-,-,1497,-,-,-,-
Chordata,Actinopterygii,Cypriniformes,Catostomidae,Ictiobus,Ictiobus bubalus,,-,-,-,288,-,-,-,-,-,1,-,-,-,-,213,171,-,1,790,-,-,354,-,-,-,-
Chordata,Actinopterygii,Cypriniformes,Catostomidae,Ictiobus,Ictiobus cyprinellus,,-,4,-,1854,-,-,-,-,-,2,-,-,-,2,1652,1136,-,1,4382,2,1,2291,1,-,-,-
Chordata,Actinopterygii,Siluriformes,Loricariidae,Kronichthys,Kronichthys heylandi,,-,-,-,-,-,-,-,-,-,-,-,-,-,-,-,-,-,-,-,-,-,2,-,-,-,-
Chordata,Actinopterygii,Semionotiformes,Lepisosteidae,Lepisosteus,Lepisosteus osseus,,-,-,-,-,-,-,-,-,-,-,-,-,-,-,-,-,-,-,-,-,-,5,-,-,-,-
Chordata,Actinopterygii,Semionotiformes,Lepisosteidae,Lepisosteus,Lepisosteus platostomus,,-,-,-,-,-,-,-,-,-,-,-,-,-,-,-,-,-,-,-,-,-,677,-,-,-,-
Chordata,Actinopterygii,Semionotiformes,Lepisosteidae,Lepisosteus,Lepisosteus platyrhincus,,-,-,-,-,-,-,-,-,-,-,-,-,-,-,-,-,-,-,-,-,-,29,-,-,-,-
Chordata,Actinopterygii,Centrarchiformes,Centrarchidae,Lepomis,Lepomis cyanellus,,143,2501,77,419,10,-,-,-,-,-,-,-,-,999,120,-,585,-,688,334,1491,-,2795,-,-,-
Chordata,Actinopterygii,Centrarchiformes,Centrarchidae,Lepomis,Lepomis humilis,,-,-,-,-,-,-,-,-,-,-,-,-,-,-,-,-,-,-,274,-,-,-,-,-,1,-
Chordata,Actinopterygii,Centrarchiformes,Centrarchidae,Lepomis,Lepomis macrochirus,,-,2660,149,2551,86,-,978,-,-,-,-,-,-,2576,345,127,-,-,361,167,-,-,243,-,1476,-
Chordata,Actinopterygii,Centrarchiformes,Centrarchidae,Lepomis,Lepomis megalotis,,-,-,6,92,-,-,-,-,2,-,-,-,-,10,7,6,-,-,156,505,-,10,478,-,-,-
Chordata,Actinopterygii,Cypriniformes,Cyprinidae,Luciocyprinus,Luciocyprinus striolatus,,-,-,-,1,-,-,-,-,-,-,-,-,-,-,-,-,-,-,-,-,-,-,-,-,-,-
Chordata,Actinopterygii,Cypriniformes,Cyprinidae,Luxilus,Luxilus cerasinus,,-,-,-,-,-,-,-,-,-,-,-,1,-,-,-,-,-,-,-,-,-,-,-,-,-,-
Chordata,Actinopterygii,Cypriniformes,Cyprinidae,Luxilus,Luxilus chrysocephalus,,-,156,44,-,5,-,-,-,166,-,1,10,1,29,-,-,1,-,13,1,30,21,508,-,-,-
Chordata,Actinopterygii,Cypriniformes,Cyprinidae,Luxilus,Luxilus cornutus,,-,186,39,-,5,-,-,-,180,-,-,1,-,10,-,1,-,-,8,4,20,22,381,-,-,-
Chordata,Actinopterygii,Cypriniformes,Cyprinidae,Lythrurus,Lythrurus ardens,,-,-,-,-,-,-,-,1,1,-,2,27,6,922,-,-,22,-,34,47,1,263,1268,-,-,-
Chordata,Actinopterygii,Cypriniformes,Cyprinidae,Lythrurus,Lythrurus fumeus,,-,-,1,-,-,-,-,-,2,-,2,8,1,29,-,-,-,-,2,-,-,5,8,-,-,-
Chordata,Actinopterygii,Cypriniformes,Cyprinidae,Lythrurus,Lythrurus umbratilis,,-,1,-,-,-,-,-,-,1,-,2,6,1,184,-,-,-,-,6,10,2,103,142,-,-,-
Chordata,Actinopterygii,Cypriniformes,Cyprinidae,Macrhybopsis,Macrhybopsis gelida,,-,-,-,-,-,-,-,-,-,-,-,-,2,1,-,-,-,-,-,-,-,1,-,-,-,-
Chordata,Actinopterygii,Cypriniformes,Cyprinidae,Macrhybopsis,Macrhybopsis storeriana,,-,-,-,-,-,-,-,-,1,-,2,42,6,8,-,1,-,-,3,6,3,6,33,-,-,-
Chordata,Actinopterygii,Centrarchiformes,Centrarchidae,Micropterus,Micropterus dolomieu,,-,-,83,77,-,-,-,-,7,-,-,-,-,2564,315,-,-,2,1506,1121,-,974,2414,-,-,-
Chordata,Actinopterygii,Centrarchiformes,Centrarchidae,Micropterus,Micropterus floridanus,,-,63,9,9,-,-,-,-,-,-,-,-,-,-,-,-,-,-,-,-,-,-,-,-,-,-
Chordata,Actinopterygii,Centrarchiformes,Centrarchidae,Micropterus,Micropterus salmoides,,29,496,51,14,7,-,136,-,-,-,-,-,-,2,-,-,-,-,-,-,-,2,130,-,-,-
Chordata,Actinopterygii,Perciformes,Moronidae,Morone,Morone chrysops,,-,-,48,146,-,-,-,-,-,-,-,-,-,-,-,-,-,-,492,-,-,195,-,-,-,-
Chordata,Actinopterygii,Perciformes,Myxinidae,Morone,Morone saxatilis,,-,-,11,12,-,-,-,-,-,-,-,-,-,-,-,-,-,-,40,-,-,23,-,-,-,-
Chordata,Actinopterygii,Cypriniformes,Catostomidae,Moxostoma,Moxostoma anisurum,,-,-,55,119,-,-,-,-,-,-,-,-,-,-,243,208,-,-,2151,389,1,1772,-,-,-,-
Chordata,Actinopterygii,Cypriniformes,Catostomidae,Moxostoma,Moxostoma ariommum,,-,-,-,-,-,-,-,-,-,-,-,-,-,-,1,-,-,-,7,2,-,7,-,-,-,-
Chordata,Actinopterygii,Cypriniformes,Catostomidae,Moxostoma,Moxostoma carinatum,,-,-,-,-,-,-,-,-,-,-,-,-,-,-,1,-,-,-,1,-,-,8,2,-,-,-
Chordata,Actinopterygii,Cypriniformes,Catostomidae,Moxostoma,Moxostoma cervinum,,-,-,8,45,-,-,-,-,-,-,-,-,-,385,276,112,-,-,899,261,-,985,413,-,-,-
Chordata,Actinopterygii,Cypriniformes,Catostomidae,Moxostoma,Moxostoma poecilurum,,-,-,6,11,-,-,-,-,-,-,-,-,-,7,25,11,-,1,80,19,-,100,10,-,-,-
Chordata,Actinopterygii,Cypriniformes,Catostomidae,Myxocyprinus,Myxocyprinus asiaticus,,-,-,-,-,-,-,-,-,-,-,-,-,-,-,-,-,-,-,-,-,-,3,-,-,-,-
Chordata,Actinopterygii,Cypriniformes,Cyprinidae,Notropis,Notropis asperifrons,,-,-,-,-,-,-,-,-,1,-,-,-,-,1,-,-,-,-,-,-,-,-,1,-,-,-
Chordata,Actinopterygii,Cypriniformes,Cyprinidae,Notropis,Notropis atherinoides,,-,-,1,-,-,-,-,-,-,-,-,10,1,404,-,335,-,-,220,180,2,211,6,-,-,-
Chordata,Actinopterygii,Petromyzontiformes,Cyprinidae,Notropis,Notropis baileyi,,-,-,-,-,-,-,-,-,-,-,-,-,-,-,-,-,-,-,-,-,-,-,1,-,-,-
Chordata,Actinopterygii,Cypriniformes,Cyprinidae,Notropis,Notropis bifrenatus,,-,-,-,-,-,-,-,-,1,-,-,1,-,4,-,-,-,-,1,3,1,1,8,-,-,-
Chordata,Actinopterygii,Cypriniformes,Cyprinidae,Notropis,Notropis blennius,,-,-,-,-,-,-,-,-,4,-,-,1,1,13,-,-,-,-,8,2,1,8,6,-,-,-
Chordata,Actinopterygii,Cypriniformes,Cyprinidae,Notropis,Notropis chalybaeus,,-,-,-,-,-,-,-,-,-,-,-,3,-,14,-,-,-,-,-,4,-,10,-,-,-,-
Chordata,Actinopterygii,Cypriniformes,Cyprinidae,Notropis,Notropis chrosomus,,1,1,1,-,-,-,-,-,-,-,-,11,5,44,-,1,-,-,2,19,4,13,24,-,-,-
Chordata,Actinopterygii,Cypriniformes,Cyprinidae,Notropis,Notropis heterolepis,,-,20,10,-,-,-,-,1,31,1,1,32,-,934,-,13,-,-,44,30,8,221,198,-,-,-
Chordata,Actinopterygii,Cypriniformes,Cyprinidae,Notropis,Notropis hudsonius,,-,1,-,-,-,-,-,-,-,-,-,-,-,-,-,1,-,-,-,-,-,-,1,-,-,-
Chordata,Actinopterygii,Petromyzontiformes,Cyprinidae,Notropis,Notropis lutipinnis,,-,2,-,5,-,-,-,-,-,-,1,1,-,-,-,-,-,-,23,2,-,21,2,-,-,-
Chordata,Actinopterygii,Cypriniformes,Cyprinidae,Notropis,Notropis stilbius,,-,-,-,-,-,-,-,-,-,-,-,1,-,3,-,36,-,-,6,-,-,15,-,-,-,-
Chordata,Actinopterygii,Cypriniformes,Cyprinidae,Notropis,Notropis stramineus,,-,1,-,-,-,-,-,-,-,-,-,3,-,-,-,-,-,-,11,7,-,22,15,-,-,-
Chordata,Actinopterygii,Cypriniformes,Cyprinidae,Notropis,Notropis telescopus,,-,-,-,-,-,-,-,-,-,-,-,-,-,1,-,-,-,-,-,2,-,2,-,-,-,-
Chordata,Actinopterygii,Cypriniformes,Cyprinidae,Notropis,Notropis texanus,,-,-,-,-,-,-,-,-,-,-,-,-,-,43,-,-,-,-,6,8,-,113,-,-,-,-
Chordata,Actinopterygii,Cypriniformes,Cyprinidae,Notropis,Notropis topeka,,-,36,50,97,-,-,-,-,-,-,-,-,-,44,-,-,-,1,1088,455,-,1400,293,-,-,-
Chordata,Actinopterygii,Cypriniformes,Cyprinidae,Notropis,Notropis volucellus,,-,-,-,-,-,-,-,-,-,-,-,-,-,1,-,-,-,-,-,-,-,4,-,-,-,-
Chordata,Actinopterygii,Petromyzontiformes,Cyprinidae,Oregonichthys,Oregonichthys crameri,,-,-,-,-,-,-,-,-,-,-,-,-,-,-,-,-,-,-,1,-,-,-,-,-,-,-
Chordata,Actinopterygii,Rajiformes,Mormyridae,Paramormyrops,Paramormyrops kingsleyae,,-,2,-,-,-,-,-,1,-,-,1,-,-,1,-,-,-,-,2,-,-,3,3,-,-,-
Chordata,Actinopterygii,Perciformes,Percidae,Percina,Percina brevicauda,,-,-,-,-,-,-,-,-,-,-,-,-,-,-,8,-,-,-,12,7,-,7,-,-,-,-
Chordata,Actinopterygii,Perciformes,Percidae,Percina,Percina caprodes,,-,5,-,-,-,-,-,-,-,-,-,-,-,-,45,1,-,-,109,79,-,94,-,-,-,-
Chordata,Actinopterygii,Perciformes,Percidae,Percina,Percina copelandi,,-,-,-,-,-,-,-,-,-,-,-,-,-,-,-,-,-,-,1,-,-,-,-,-,-,-
Chordata,Actinopterygii,Perciformes,Percidae,Percina,Percina macrolepida,,-,20,-,-,-,-,-,-,-,-,-,-,-,-,121,1,-,1,347,195,-,287,-,-,-,-
Chordata,Actinopterygii,Perciformes,Percidae,Percina,Percina ouachitae,,-,-,-,-,-,-,-,-,-,-,-,-,-,-,3,-,-,-,9,3,-,5,-,-,-,-
Chordata,Actinopterygii,Cypriniformes,Cyprinidae,Phenacobius,Phenacobius mirabilis,,-,-,-,117,-,-,-,-,-,-,-,-,-,-,-,-,-,-,-,329,-,-,-,-,-,-
Chordata,Actinopterygii,Petromyzontiformes,Cyprinidae,Phoxinus,Phoxinus eos,,-,-,-,-,-,-,-,-,-,-,-,-,-,-,-,-,-,-,-,-,509,-,-,-,-,-
Chordata,Actinopterygii,Petromyzontiformes,Cyprinidae,Phoxinus,Phoxinus erythrogaster,,-,-,-,-,-,-,-,-,-,-,-,-,-,-,-,-,-,-,-,-,2,-,-,-,-,-
Chordata,Actinopterygii,Petromyzontiformes,Cyprinidae,Pimephales,Pimephales notatus,,-,-,127,20,-,-,-,-,17,-,27,2119,361,375,64,51,16,1,288,591,382,268,1528,-,-,-
Chordata,Actinopterygii,Cypriniformes,Cyprinidae,Pimephales,Pimephales promelas,,-,-,-,-,-,-,-,102,-,-,-,-,-,-,-,-,-,-,-,-,-,1,-,-,-,-
Chordata,Actinopterygii,Petromyzontiformes,Cyprinidae,Pimephales,Pimephales sp,,1,1,324,43,-,-,-,-,34,-,73,7674,1089,1349,130,146,23,2,949,2343,1271,1131,5839,-,-,-
Chordata,Actinopterygii,Cypriniformes,Cyprinidae,Platygobio,Platygobio gracilis,,-,-,-,1,-,-,-,-,-,-,1,14,5,-,-,-,-,-,-,-,1,1,4,-,-,-
Chordata,Actinopterygii,Centrarchiformes,Centrarchidae,Pomoxis,Pomoxis nigromaculatus,,-,-,-,-,-,-,-,-,-,-,-,-,-,-,-,-,-,-,3,-,-,-,2,-,-,-
Chordata,Actinopterygii,Cypriniformes,Cyprinidae,Procypris,Procypris mera,,-,74,27,136,-,-,9,-,1,-,37,-,-,6,1,-,-,-,3,-,-,2,4,-,-,-
Chordata,Actinopterygii,Siluriformes,Ictaluridae,Pylodictis,Pylodictis olivaris,,-,-,408,-,-,-,-,-,-,-,-,-,-,-,-,162,-,-,1216,-,-,-,-,-,-,-
Chordata,Actinopterygii,Cypriniformes,Cyprinidae,Relictus,Relictus solitarius,,-,-,-,-,-,-,-,-,-,-,-,-,-,-,-,-,-,-,-,-,3,-,-,-,-,-
Chordata,Actinopterygii,Cypriniformes,Cyprinidae,Rhinichthys,Rhinichthys atratulus,,87,-,21,-,-,-,-,516,179,64,3259,5213,1142,5,-,65,8,-,1,-,377,4,57,-,-,-
Chordata,Actinopterygii,Cypriniformes,Cyprinidae,Rhinichthys,Rhinichthys cataractae,,-,-,-,-,-,-,-,-,-,-,-,1,-,35,-,3,-,-,-,-,-,-,-,-,-,-
Chordata,Actinopterygii,Cypriniformes,Cyprinidae,Rhinichthys,Rhinichthys obtusus,,7,7,9,-,-,-,-,196,106,24,534,1316,405,31,1,6,8,-,2,4,191,7,63,-,-,-
Chordata,Actinopterygii,Cypriniformes,Cyprinidae,Richardsonius,Richardsonius balteatus,,-,-,-,-,-,-,-,-,1,-,-,-,-,-,-,-,-,-,-,-,-,-,-,-,-,-
Chordata,Actinopterygii,Perciformes,Percidae,Sander,Sander vitreus,,-,-,-,-,-,-,-,-,-,-,-,-,-,-,-,-,-,1,176,-,-,198,-,-,-,-
Chordata,Actinopterygii,Cypriniformes,Cyprinidae,Semotilus,Semotilus atromaculatus,,578,542,184,7,32,205,-,8119,1262,96,3762,1543,5881,919,-,198,68,-,528,-,5075,634,245,-,-,-
Chordata,Actinopterygii,Cypriniformes,Cyprinidae,Sinocyclocheilus,Sinocyclocheilus grahami,,-,-,-,-,-,-,-,-,-,-,8,-,4,1,-,-,-,-,-,-,2,-,-,-,-,-
Chordata,Actinopterygii,Spariformes,Auchenipteridae,Tatia,Tatia intermedia,,-,4,-,9,-,-,-,-,-,-,1,-,-,-,-,-,-,-,-,-,-,-,-,-,-,-
Chordata,Actinopterygii,Cypriniformes,Catostomidae,Thoburnia,Thoburnia rhothoeca,,-,1,3,6,-,-,-,-,-,-,-,-,-,411,260,10,-,1,490,424,-,750,589,-,-,-
Chordata,Actinopterygii,Cypriniformes,Catostomidae,Xyrauchen,Xyrauchen texanus,,1,25,5,27,-,-,-,-,-,-,-,-,-,-,-,-,-,-,6,9,8,11,4,-,-,-
Chordata,Actinopterygii,Cypriniformes,Cyprinidae,Yuriria,Yuriria alta,,-,2,10,4,-,-,-,4,2,-,6,659,79,103,4,3,1,-,145,164,52,369,203,-,-,-
,,,,,,,17,60,58,52,13,6,12,12,29,8,31,34,25,68,40,42,17,20,75,60,42,87,67,4,2,1
